{
    "name": "emoji",
    "preview": "f-0fix.png",
    "faces": [
        {
            "desc": "表情",
            "key": "ft000",
            "preview": "f-0fix.png",
            "source": "f-0.gif"
        },
        {
            "desc": "表情",
            "key": "ft001",
            "preview": "f-1fix.png",
            "source": "f-1.gif"
        },
        {
            "desc": "表情",
            "key": "ft010",
            "preview": "f-10fix.png",
            "source": "f-10.gif"
        },
        {
            "desc": "表情",
            "key": "ft100",
            "preview": "f-100fix.png",
            "source": "f-100.gif"
        },
        {
            "desc": "表情",
            "key": "ft101",
            "preview": "f-101fix.png",
            "source": "f-101.gif"
        },
        {
            "desc": "表情",
            "key": "ft102",
            "preview": "f-102fix.png",
            "source": "f-102.gif"
        },
        {
            "desc": "表情",
            "key": "ft103",
            "preview": "f-103fix.png",
            "source": "f-103.gif"
        },
        {
            "desc": "表情",
            "key": "ft104",
            "preview": "f-104fix.png",
            "source": "f-104.gif"
        },
        {
            "desc": "表情",
            "key": "ft105",
            "preview": "f-105fix.png",
            "source": "f-105.gif"
        },
        {
            "desc": "表情",
            "key": "ft106",
            "preview": "f-106fix.png",
            "source": "f-106.gif"
        },
        {
            "desc": "表情",
            "key": "ft107",
            "preview": "f-107fix.png",
            "source": "f-107.gif"
        },
        {
            "desc": "表情",
            "key": "ft108",
            "preview": "f-108fix.png",
            "source": "f-108.gif"
        },
        {
            "desc": "表情",
            "key": "ft109",
            "preview": "f-109fix.png",
            "source": "f-109.gif"
        },
        {
            "desc": "表情",
            "key": "ft011",
            "preview": "f-11fix.png",
            "source": "f-11.gif"
        },
        {
            "desc": "表情",
            "key": "ft110",
            "preview": "f-110fix.png",
            "source": "f-110.gif"
        },
        {
            "desc": "表情",
            "key": "ft111",
            "preview": "f-111fix.png",
            "source": "f-111.gif"
        },
        {
            "desc": "表情",
            "key": "ft112",
            "preview": "f-112fix.png",
            "source": "f-112.gif"
        },
        {
            "desc": "表情",
            "key": "ft113",
            "preview": "f-113fix.png",
            "source": "f-113.gif"
        },
        {
            "desc": "表情",
            "key": "ft114",
            "preview": "f-114fix.png",
            "source": "f-114.gif"
        },
        {
            "desc": "表情",
            "key": "ft115",
            "preview": "f-115fix.png",
            "source": "f-115.gif"
        },
        {
            "desc": "表情",
            "key": "ft116",
            "preview": "f-116fix.png",
            "source": "f-116.gif"
        },
        {
            "desc": "表情",
            "key": "ft117",
            "preview": "f-117fix.png",
            "source": "f-117.gif"
        },
        {
            "desc": "表情",
            "key": "ft118",
            "preview": "f-118fix.png",
            "source": "f-118.gif"
        },
        {
            "desc": "表情",
            "key": "ft119",
            "preview": "f-119fix.png",
            "source": "f-119.gif"
        },
        {
            "desc": "表情",
            "key": "ft012",
            "preview": "f-12fix.png",
            "source": "f-12.gif"
        },
        {
            "desc": "表情",
            "key": "ft120",
            "preview": "f-120fix.png",
            "source": "f-120.gif"
        },
        {
            "desc": "表情",
            "key": "ft121",
            "preview": "f-121fix.png",
            "source": "f-121.gif"
        },
        {
            "desc": "表情",
            "key": "ft122",
            "preview": "f-122fix.png",
            "source": "f-122.gif"
        },
        {
            "desc": "表情",
            "key": "ft123",
            "preview": "f-123fix.png",
            "source": "f-123.gif"
        },
        {
            "desc": "表情",
            "key": "ft124",
            "preview": "f-124fix.png",
            "source": "f-124.gif"
        },
        {
            "desc": "表情",
            "key": "ft125",
            "preview": "f-125fix.png",
            "source": "f-125.gif"
        },
        {
            "desc": "表情",
            "key": "ft126",
            "preview": "f-126fix.png",
            "source": "f-126.gif"
        },
        {
            "desc": "表情",
            "key": "ft127",
            "preview": "f-127fix.png",
            "source": "f-127.gif"
        },
        {
            "desc": "表情",
            "key": "ft128",
            "preview": "f-128fix.png",
            "source": "f-128.gif"
        },
        {
            "desc": "表情",
            "key": "ft129",
            "preview": "f-129fix.png",
            "source": "f-129.gif"
        },
        {
            "desc": "表情",
            "key": "ft013",
            "preview": "f-13fix.png",
            "source": "f-13.gif"
        },
        {
            "desc": "表情",
            "key": "ft130",
            "preview": "f-130fix.png",
            "source": "f-130.gif"
        },
        {
            "desc": "表情",
            "key": "ft131",
            "preview": "f-131fix.png",
            "source": "f-131.gif"
        },
        {
            "desc": "表情",
            "key": "ft132",
            "preview": "f-132fix.png",
            "source": "f-132.gif"
        },
        {
            "desc": "表情",
            "key": "ft133",
            "preview": "f-133fix.png",
            "source": "f-133.gif"
        },
        {
            "desc": "表情",
            "key": "ft134",
            "preview": "f-134fix.png",
            "source": "f-134.gif"
        },
        {
            "desc": "表情",
            "key": "ft136",
            "preview": "f-136fix.png",
            "source": "f-136.gif"
        },
        {
            "desc": "表情",
            "key": "ft137",
            "preview": "f-137fix.png",
            "source": "f-137.gif"
        },
        {
            "desc": "表情",
            "key": "ft138",
            "preview": "f-138fix.png",
            "source": "f-138.gif"
        },
        {
            "desc": "表情",
            "key": "ft139",
            "preview": "f-139fix.png",
            "source": "f-139.gif"
        },
        {
            "desc": "表情",
            "key": "ft014",
            "preview": "f-14fix.png",
            "source": "f-14.gif"
        },
        {
            "desc": "表情",
            "key": "ft140",
            "preview": "f-140fix.png",
            "source": "f-140.gif"
        },
        {
            "desc": "表情",
            "key": "ft141",
            "preview": "f-141fix.png",
            "source": "f-141.gif"
        },
        {
            "desc": "表情",
            "key": "ft142",
            "preview": "f-142fix.png",
            "source": "f-142.gif"
        },
        {
            "desc": "表情",
            "key": "ft143",
            "preview": "f-143fix.png",
            "source": "f-143.gif"
        },
        {
            "desc": "表情",
            "key": "ft144",
            "preview": "f-144fix.png",
            "source": "f-144.gif"
        },
        {
            "desc": "表情",
            "key": "ft145",
            "preview": "f-145fix.png",
            "source": "f-145.gif"
        },
        {
            "desc": "表情",
            "key": "ft146",
            "preview": "f-146fix.png",
            "source": "f-146.gif"
        },
        {
            "desc": "表情",
            "key": "ft147",
            "preview": "f-147fix.png",
            "source": "f-147.gif"
        },
        {
            "desc": "表情",
            "key": "ft148",
            "preview": "f-148fix.png",
            "source": "f-148.gif"
        },
        {
            "desc": "表情",
            "key": "ft149",
            "preview": "f-149fix.png",
            "source": "f-149.gif"
        },
        {
            "desc": "表情",
            "key": "ft015",
            "preview": "f-15fix.png",
            "source": "f-15.gif"
        },
        {
            "desc": "表情",
            "key": "ft150",
            "preview": "f-150fix.png",
            "source": "f-150.gif"
        },
        {
            "desc": "表情",
            "key": "ft151",
            "preview": "f-151fix.png",
            "source": "f-151.gif"
        },
        {
            "desc": "表情",
            "key": "ft152",
            "preview": "f-152fix.png",
            "source": "f-152.gif"
        },
        {
            "desc": "表情",
            "key": "ft153",
            "preview": "f-153fix.png",
            "source": "f-153.gif"
        },
        {
            "desc": "表情",
            "key": "ft154",
            "preview": "f-154fix.png",
            "source": "f-154.gif"
        },
        {
            "desc": "表情",
            "key": "ft155",
            "preview": "f-155fix.png",
            "source": "f-155.gif"
        },
        {
            "desc": "表情",
            "key": "ft156",
            "preview": "f-156fix.png",
            "source": "f-156.gif"
        },
        {
            "desc": "表情",
            "key": "ft157",
            "preview": "f-157fix.png",
            "source": "f-157.gif"
        },
        {
            "desc": "表情",
            "key": "ft158",
            "preview": "f-158fix.png",
            "source": "f-158.gif"
        },
        {
            "desc": "表情",
            "key": "ft159",
            "preview": "f-159fix.png",
            "source": "f-159.gif"
        },
        {
            "desc": "表情",
            "key": "ft016",
            "preview": "f-16fix.png",
            "source": "f-16.gif"
        },
        {
            "desc": "表情",
            "key": "ft160",
            "preview": "f-160fix.png",
            "source": "f-160.gif"
        },
        {
            "desc": "表情",
            "key": "ft161",
            "preview": "f-161fix.png",
            "source": "f-161.gif"
        },
        {
            "desc": "表情",
            "key": "ft162",
            "preview": "f-162fix.png",
            "source": "f-162.gif"
        },
        {
            "desc": "表情",
            "key": "ft163",
            "preview": "f-163fix.png",
            "source": "f-163.gif"
        },
        {
            "desc": "表情",
            "key": "ft164",
            "preview": "f-164fix.png",
            "source": "f-164.gif"
        },
        {
            "desc": "表情",
            "key": "ft165",
            "preview": "f-165fix.png",
            "source": "f-165.gif"
        },
        {
            "desc": "表情",
            "key": "ft166",
            "preview": "f-166fix.png",
            "source": "f-166.gif"
        },
        {
            "desc": "表情",
            "key": "ft167",
            "preview": "f-167fix.png",
            "source": "f-167.gif"
        },
        {
            "desc": "表情",
            "key": "ft168",
            "preview": "f-168fix.png",
            "source": "f-168.gif"
        },
        {
            "desc": "表情",
            "key": "ft169",
            "preview": "f-169fix.png",
            "source": "f-169.gif"
        },
        {
            "desc": "表情",
            "key": "ft170",
            "preview": "f-170fix.png",
            "source": "f-170.gif"
        },
        {
            "desc": "表情",
            "key": "ft171",
            "preview": "f-171fix.png",
            "source": "f-171.gif"
        },
        {
            "desc": "表情",
            "key": "ft172",
            "preview": "f-172fix.png",
            "source": "f-172.gif"
        },
        {
            "desc": "表情",
            "key": "ft173",
            "preview": "f-173fix.png",
            "source": "f-173.gif"
        },
        {
            "desc": "表情",
            "key": "ft174",
            "preview": "f-174fix.png",
            "source": "f-174.gif"
        },
        {
            "desc": "表情",
            "key": "ft175",
            "preview": "f-175fix.png",
            "source": "f-175.gif"
        },
        {
            "desc": "表情",
            "key": "ft176",
            "preview": "f-176fix.png",
            "source": "f-176.gif"
        },
        {
            "desc": "表情",
            "key": "ft177",
            "preview": "f-177fix.png",
            "source": "f-177.gif"
        },
        {
            "desc": "表情",
            "key": "ft178",
            "preview": "f-178fix.png",
            "source": "f-178.gif"
        },
        {
            "desc": "表情",
            "key": "ft179",
            "preview": "f-179fix.png",
            "source": "f-179.gif"
        },
        {
            "desc": "表情",
            "key": "ft018",
            "preview": "f-18fix.png",
            "source": "f-18.gif"
        },
        {
            "desc": "表情",
            "key": "ft180",
            "preview": "f-180fix.png",
            "source": "f-180.gif"
        },
        {
            "desc": "表情",
            "key": "ft181",
            "preview": "f-181fix.png",
            "source": "f-181.gif"
        },
        {
            "desc": "表情",
            "key": "ft182",
            "preview": "f-182fix.png",
            "source": "f-182.gif"
        },
        {
            "desc": "表情",
            "key": "ft183",
            "preview": "f-183fix.png",
            "source": "f-183.gif"
        },
        {
            "desc": "表情",
            "key": "ft184",
            "preview": "f-184fix.png",
            "source": "f-184.gif"
        },
        {
            "desc": "表情",
            "key": "ft185",
            "preview": "f-185fix.png",
            "source": "f-185.gif"
        },
        {
            "desc": "表情",
            "key": "ft186",
            "preview": "f-186fix.png",
            "source": "f-186.gif"
        },
        {
            "desc": "表情",
            "key": "ft187",
            "preview": "f-187fix.png",
            "source": "f-187.gif"
        },
        {
            "desc": "表情",
            "key": "ft188",
            "preview": "f-188fix.png",
            "source": "f-188.gif"
        },
        {
            "desc": "表情",
            "key": "ft189",
            "preview": "f-189fix.png",
            "source": "f-189.gif"
        },
        {
            "desc": "表情",
            "key": "ft019",
            "preview": "f-19fix.png",
            "source": "f-19.gif"
        },
        {
            "desc": "表情",
            "key": "ft190",
            "preview": "f-190fix.png",
            "source": "f-190.gif"
        },
        {
            "desc": "表情",
            "key": "ft191",
            "preview": "f-191fix.png",
            "source": "f-191.gif"
        },
        {
            "desc": "表情",
            "key": "ft192",
            "preview": "f-192fix.png",
            "source": "f-192.gif"
        },
        {
            "desc": "表情",
            "key": "ft002",
            "preview": "f-2fix.png",
            "source": "f-2.gif"
        },
        {
            "desc": "表情",
            "key": "ft193",
            "preview": "f-193fix.png",
            "source": "f-193.gif"
        },
        {
            "desc": "表情",
            "key": "ft194",
            "preview": "f-194fix.png",
            "source": "f-194.gif"
        },
        {
            "desc": "表情",
            "key": "ft197",
            "preview": "f-197fix.png",
            "source": "f-197.gif"
        },
        {
            "desc": "表情",
            "key": "ft198",
            "preview": "f-198fix.png",
            "source": "f-198.gif"
        },
        {
            "desc": "表情",
            "key": "ft199",
            "preview": "f-199fix.png",
            "source": "f-199.gif"
        },
        {
            "desc": "表情",
            "key": "ft020",
            "preview": "f-20fix.png",
            "source": "f-20.gif"
        },
        {
            "desc": "表情",
            "key": "ft200",
            "preview": "f-200fix.png",
            "source": "f-200.gif"
        },
        {
            "desc": "表情",
            "key": "ft201",
            "preview": "f-201fix.png",
            "source": "f-201.gif"
        },
        {
            "desc": "表情",
            "key": "ft202",
            "preview": "f-202fix.png",
            "source": "f-202.gif"
        },
        {
            "desc": "表情",
            "key": "ft203",
            "preview": "f-203fix.png",
            "source": "f-203.gif"
        },
        {
            "desc": "表情",
            "key": "ft204",
            "preview": "f-204fix.png",
            "source": "f-204.gif"
        },
        {
            "desc": "表情",
            "key": "ft205",
            "preview": "f-205fix.png",
            "source": "f-205.gif"
        },
        {
            "desc": "表情",
            "key": "ft206",
            "preview": "f-206fix.png",
            "source": "f-206.gif"
        },
        {
            "desc": "表情",
            "key": "ft207",
            "preview": "f-207fix.png",
            "source": "f-207.gif"
        },
        {
            "desc": "表情",
            "key": "ft208",
            "preview": "f-208fix.png",
            "source": "f-208.gif"
        },
        {
            "desc": "表情",
            "key": "ft021",
            "preview": "f-21fix.png",
            "source": "f-21.gif"
        },
        {
            "desc": "表情",
            "key": "ft210",
            "preview": "f-210fix.png",
            "source": "f-210.gif"
        },
        {
            "desc": "表情",
            "key": "ft211",
            "preview": "f-211fix.png",
            "source": "f-211.gif"
        },
        {
            "desc": "表情",
            "key": "ft212",
            "preview": "f-212fix.png",
            "source": "f-212.gif"
        },
        {
            "desc": "表情",
            "key": "ft022",
            "preview": "f-22fix.png",
            "source": "f-22.gif"
        },
        {
            "desc": "表情",
            "key": "ft023",
            "preview": "f-23fix.png",
            "source": "f-23.gif"
        },
        {
            "desc": "表情",
            "key": "ft024",
            "preview": "f-24fix.png",
            "source": "f-24.gif"
        },
        {
            "desc": "表情",
            "key": "ft025",
            "preview": "f-25fix.png",
            "source": "f-25.gif"
        },
        {
            "desc": "表情",
            "key": "ft026",
            "preview": "f-26fix.png",
            "source": "f-26.gif"
        },
        {
            "desc": "表情",
            "key": "ft027",
            "preview": "f-27fix.png",
            "source": "f-27.gif"
        },
        {
            "desc": "表情",
            "key": "ft028",
            "preview": "f-28fix.png",
            "source": "f-28.gif"
        },
        {
            "desc": "表情",
            "key": "ft029",
            "preview": "f-29fix.png",
            "source": "f-29.gif"
        },
        {
            "desc": "表情",
            "key": "ft003",
            "preview": "f-3fix.png",
            "source": "f-3.gif"
        },
        {
            "desc": "表情",
            "key": "ft030",
            "preview": "f-30fix.png",
            "source": "f-30.gif"
        },
        {
            "desc": "表情",
            "key": "ft031",
            "preview": "f-31fix.png",
            "source": "f-31.gif"
        },
        {
            "desc": "表情",
            "key": "ft032",
            "preview": "f-32fix.png",
            "source": "f-32.gif"
        },
        {
            "desc": "表情",
            "key": "ft033",
            "preview": "f-33fix.png",
            "source": "f-33.gif"
        },
        {
            "desc": "表情",
            "key": "ft034",
            "preview": "f-34fix.png",
            "source": "f-34.gif"
        },
        {
            "desc": "表情",
            "key": "ft035",
            "preview": "f-35fix.png",
            "source": "f-35.gif"
        },
        {
            "desc": "表情",
            "key": "ft036",
            "preview": "f-36fix.png",
            "source": "f-36.gif"
        },
        {
            "desc": "表情",
            "key": "ft037",
            "preview": "f-37fix.png",
            "source": "f-37.gif"
        },
        {
            "desc": "表情",
            "key": "ft038",
            "preview": "f-38fix.png",
            "source": "f-38.gif"
        },
        {
            "desc": "表情",
            "key": "ft039",
            "preview": "f-39fix.png",
            "source": "f-39.gif"
        },
        {
            "desc": "表情",
            "key": "ft004",
            "preview": "f-4fix.png",
            "source": "f-4.gif"
        },
        {
            "desc": "表情",
            "key": "ft041",
            "preview": "f-41fix.png",
            "source": "f-41.gif"
        },
        {
            "desc": "表情",
            "key": "ft042",
            "preview": "f-42fix.png",
            "source": "f-42.gif"
        },
        {
            "desc": "表情",
            "key": "ft043",
            "preview": "f-43fix.png",
            "source": "f-43.gif"
        },
        {
            "desc": "表情",
            "key": "ft046",
            "preview": "f-46fix.png",
            "source": "f-46.gif"
        },
        {
            "desc": "表情",
            "key": "ft049",
            "preview": "f-49fix.png",
            "source": "f-49.gif"
        },
        {
            "desc": "表情",
            "key": "ft005",
            "preview": "f-5fix.png",
            "source": "f-5.gif"
        },
        {
            "desc": "表情",
            "key": "ft053",
            "preview": "f-53fix.png",
            "source": "f-53.gif"
        },
        {
            "desc": "表情",
            "key": "ft054",
            "preview": "f-54fix.png",
            "source": "f-54.gif"
        },
        {
            "desc": "表情",
            "key": "ft055",
            "preview": "f-55fix.png",
            "source": "f-55.gif"
        },
        {
            "desc": "表情",
            "key": "ft056",
            "preview": "f-56fix.png",
            "source": "f-56.gif"
        },
        {
            "desc": "表情",
            "key": "ft057",
            "preview": "f-57fix.png",
            "source": "f-57.gif"
        },
        {
            "desc": "表情",
            "key": "ft059",
            "preview": "f-59fix.png",
            "source": "f-59.gif"
        },
        {
            "desc": "表情",
            "key": "ft006",
            "preview": "f-6fix.png",
            "source": "f-6.gif"
        },
        {
            "desc": "表情",
            "key": "ft060",
            "preview": "f-60fix.png",
            "source": "f-60.gif"
        },
        {
            "desc": "表情",
            "key": "ft061",
            "preview": "f-61fix.png",
            "source": "f-61.gif"
        },
        {
            "desc": "表情",
            "key": "ft062",
            "preview": "f-62fix.png",
            "source": "f-62.gif"
        },
        {
            "desc": "表情",
            "key": "ft063",
            "preview": "f-63fix.png",
            "source": "f-63.gif"
        },
        {
            "desc": "表情",
            "key": "ft064",
            "preview": "f-64fix.png",
            "source": "f-64.gif"
        },
        {
            "desc": "表情",
            "key": "ft066",
            "preview": "f-66fix.png",
            "source": "f-66.gif"
        },
        {
            "desc": "表情",
            "key": "ft067",
            "preview": "f-67fix.png",
            "source": "f-67.gif"
        },
        {
            "desc": "表情",
            "key": "ft069",
            "preview": "f-69fix.png",
            "source": "f-69.gif"
        },
        {
            "desc": "表情",
            "key": "ft007",
            "preview": "f-7fix.png",
            "source": "f-7.gif"
        },
        {
            "desc": "表情",
            "key": "ft072",
            "preview": "f-72fix.png",
            "source": "f-72.gif"
        },
        {
            "desc": "表情",
            "key": "ft074",
            "preview": "f-74fix.png",
            "source": "f-74.gif"
        },
        {
            "desc": "表情",
            "key": "ft075",
            "preview": "f-75fix.png",
            "source": "f-75.gif"
        },
        {
            "desc": "表情",
            "key": "ft076",
            "preview": "f-76fix.png",
            "source": "f-76.gif"
        },
        {
            "desc": "表情",
            "key": "ft077",
            "preview": "f-77fix.png",
            "source": "f-77.gif"
        },
        {
            "desc": "表情",
            "key": "ft078",
            "preview": "f-78fix.png",
            "source": "f-78.gif"
        },
        {
            "desc": "表情",
            "key": "ft079",
            "preview": "f-79fix.png",
            "source": "f-79.gif"
        },
        {
            "desc": "表情",
            "key": "ft008",
            "preview": "f-8fix.png",
            "source": "f-8.gif"
        },
        {
            "desc": "表情",
            "key": "ft085",
            "preview": "f-85fix.png",
            "source": "f-85.gif"
        },
        {
            "desc": "表情",
            "key": "ft086",
            "preview": "f-86fix.png",
            "source": "f-86.gif"
        },
        {
            "desc": "表情",
            "key": "ft089",
            "preview": "f-89fix.png",
            "source": "f-89.gif"
        },
        {
            "desc": "表情",
            "key": "ft009",
            "preview": "f-9fix.png",
            "source": "f-9.gif"
        },
        {
            "desc": "表情",
            "key": "ft090",
            "preview": "f-90fix.png",
            "source": "f-90.gif"
        },
        {
            "desc": "表情",
            "key": "ft091",
            "preview": "f-91fix.png",
            "source": "f-91.gif"
        },
        {
            "desc": "表情",
            "key": "ft096",
            "preview": "f-96fix.png",
            "source": "f-96.gif"
        },
        {
            "desc": "表情",
            "key": "ft097",
            "preview": "f-97fix.png",
            "source": "f-97.gif"
        },
        {
            "desc": "表情",
            "key": "ft098",
            "preview": "f-98fix.png",
            "source": "f-98.gif"
        },
        {
            "desc": "表情",
            "key": "ft099",
            "preview": "f-99fix.png",
            "source": "f-99.gif"
        }
    ]
}
